{
  "clusters": [
    {
      "cluster_id": -1,
      "mean_features": {
        "changed_cells_mean": 97.85857142857142,
        "coordinate_action_rate": 0.12642857142857142,
        "frame_changed_rate": 0.9142857142857144,
        "game_over_rate": 0.012857142857142857,
        "initial_component_count": 42.857142857142854,
        "large_change_rate_33_plus": 0.6464285714285715,
        "progress_rate": 0.0,
        "small_change_rate_1_8": 0.09,
        "unique_after_hash_rate": 0.6121428571428572,
        "win_rate": 0.0
      },
      "members": [
        "ar25-0c556536_seed0",
        "bp35-0a0ad940_seed0",
        "cn04-2fe56bfb_seed0",
        "ls20-9607627b_seed0",
        "m0r0-492f87ba_seed0",
        "sp80-589a99af_seed0",
        "tr87-cd924810_seed0"
      ],
      "size": 7
    },
    {
      "cluster_id": 0,
      "mean_features": {
        "changed_cells_mean": 18.90125,
        "coordinate_action_rate": 0.854375,
        "frame_changed_rate": 0.653125,
        "game_over_rate": 0.010625,
        "initial_component_count": 34.0,
        "large_change_rate_33_plus": 0.210625,
        "progress_rate": 0.0,
        "small_change_rate_1_8": 0.4125,
        "unique_after_hash_rate": 0.309375,
        "win_rate": 0.0
      },
      "members": [
        "ft09-0d8bbf25_seed0",
        "lp85-305b61c3_seed0",
        "r11l-495a7899_seed0",
        "s5i5-18d95033_seed0",
        "sb26-7fbdac44_seed0",
        "su15-1944f8ab_seed0",
        "tn36-ef4dde99_seed0",
        "vc33-5430563c_seed0"
      ],
      "size": 8
    },
    {
      "cluster_id": 1,
      "mean_features": {
        "changed_cells_mean": 23.388333333333335,
        "coordinate_action_rate": 0.1825,
        "frame_changed_rate": 0.8858333333333334,
        "game_over_rate": 0.008333333333333333,
        "initial_component_count": 31.0,
        "large_change_rate_33_plus": 0.17833333333333334,
        "progress_rate": 0.0,
        "small_change_rate_1_8": 0.37916666666666665,
        "unique_after_hash_rate": 0.6633333333333333,
        "win_rate": 0.0
      },
      "members": [
        "cd82-fb555c5d_seed0",
        "dc22-fdcac232_seed0",
        "ka59-38d34dbb_seed0",
        "lf52-271a04aa_seed0",
        "sc25-635fd71a_seed0",
        "sk48-d8078629_seed0"
      ],
      "size": 6
    },
    {
      "cluster_id": 2,
      "mean_features": {
        "changed_cells_mean": 26.67125,
        "coordinate_action_rate": 0.0,
        "frame_changed_rate": 0.89125,
        "game_over_rate": 0.01,
        "initial_component_count": 27.25,
        "large_change_rate_33_plus": 0.35750000000000004,
        "progress_rate": 0.0,
        "small_change_rate_1_8": 0.27125,
        "unique_after_hash_rate": 0.58125,
        "win_rate": 0.0
      },
      "members": [
        "g50t-5849a774_seed0",
        "re86-8af5384d_seed0",
        "tu93-0768757b_seed0",
        "wa30-ee6fef47_seed0"
      ],
      "size": 4
    }
  ],
  "config": {
    "config": "src/hdbscan_pipeline/config.example.yaml",
    "examples_dir": "training_examples",
    "method": "hdbscan",
    "min_cluster_size": 3,
    "min_samples": 2,
    "n_clusters": 5,
    "out_dir": "clusters_yaml_test"
  },
  "examples_dir": "training_examples",
  "feature_columns": [
    "transition_count",
    "available_action_count_mean",
    "available_action_count_min",
    "available_action_count_max",
    "coordinate_action_rate",
    "coordinate_action_unique_xy_rate",
    "coordinate_action_mean_x",
    "coordinate_action_mean_y",
    "coordinate_action_std_x",
    "coordinate_action_std_y",
    "frame_changed_rate",
    "no_change_rate",
    "changed_cells_mean",
    "changed_cells_median",
    "changed_cells_std",
    "changed_cells_min",
    "changed_cells_max",
    "small_change_rate_1_8",
    "medium_change_rate_9_32",
    "large_change_rate_33_plus",
    "unique_before_hash_rate",
    "unique_after_hash_rate",
    "repeat_after_hash_rate",
    "progress_rate",
    "game_over_rate",
    "win_rate",
    "mean_level_delta",
    "max_level_delta",
    "initial_color_count",
    "initial_background_color",
    "initial_component_count",
    "initial_component_size_mean",
    "initial_component_size_median",
    "initial_component_size_std",
    "initial_component_size_min",
    "initial_component_size_max",
    "initial_largest_component_fraction",
    "RESET_used_rate",
    "RESET_frame_changed_rate",
    "RESET_changed_cells_mean",
    "RESET_progress_rate",
    "RESET_game_over_rate",
    "RESET_win_rate",
    "ACTION1_used_rate",
    "ACTION1_frame_changed_rate",
    "ACTION1_changed_cells_mean",
    "ACTION1_progress_rate",
    "ACTION1_game_over_rate",
    "ACTION1_win_rate",
    "ACTION2_used_rate",
    "ACTION2_frame_changed_rate",
    "ACTION2_changed_cells_mean",
    "ACTION2_progress_rate",
    "ACTION2_game_over_rate",
    "ACTION2_win_rate",
    "ACTION3_used_rate",
    "ACTION3_frame_changed_rate",
    "ACTION3_changed_cells_mean",
    "ACTION3_progress_rate",
    "ACTION3_game_over_rate",
    "ACTION3_win_rate",
    "ACTION4_used_rate",
    "ACTION4_frame_changed_rate",
    "ACTION4_changed_cells_mean",
    "ACTION4_progress_rate",
    "ACTION4_game_over_rate",
    "ACTION4_win_rate",
    "ACTION5_used_rate",
    "ACTION5_frame_changed_rate",
    "ACTION5_changed_cells_mean",
    "ACTION5_progress_rate",
    "ACTION5_game_over_rate",
    "ACTION5_win_rate",
    "ACTION6_used_rate",
    "ACTION6_frame_changed_rate",
    "ACTION6_changed_cells_mean",
    "ACTION6_progress_rate",
    "ACTION6_game_over_rate",
    "ACTION6_win_rate",
    "ACTION7_used_rate",
    "ACTION7_frame_changed_rate",
    "ACTION7_changed_cells_mean",
    "ACTION7_progress_rate",
    "ACTION7_game_over_rate",
    "ACTION7_win_rate",
    "ACTION6_coordinate_rate",
    "ACTION6_unique_xy_rate",
    "ACTION6_mean_x",
    "ACTION6_mean_y",
    "ACTION6_std_x",
    "ACTION6_std_y"
  ],
  "feature_count": 91,
  "method": "hdbscan",
  "run_count": 25
}
